{
  "United States of America": 10.815706426160956,
  "People's Republic of China": -6.318387791012103,
  "Russian Federation": -5.682801956834363,
  "Republic of Guinea-Bissau": 42.366602372975976,
  "Union of the Comoros": -28.341051864047202
}